-- phpMyAdmin SQL Dump
-- version 5.2.1
-- https://www.phpmyadmin.net/
--
-- Host: 127.0.0.1
-- Generation Time: Mar 29, 2025 at 11:29 PM
-- Server version: 10.4.32-MariaDB
-- PHP Version: 8.2.12

SET SQL_MODE = "NO_AUTO_VALUE_ON_ZERO";
START TRANSACTION;
SET time_zone = "+00:00";


/*!40101 SET @OLD_CHARACTER_SET_CLIENT=@@CHARACTER_SET_CLIENT */;
/*!40101 SET @OLD_CHARACTER_SET_RESULTS=@@CHARACTER_SET_RESULTS */;
/*!40101 SET @OLD_COLLATION_CONNECTION=@@COLLATION_CONNECTION */;
/*!40101 SET NAMES utf8mb4 */;

--
-- Database: `ypu_system`
--

-- --------------------------------------------------------

--
-- Table structure for table `announcements`
--

CREATE TABLE `announcements` (
  `id` bigint(20) UNSIGNED NOT NULL,
  `title` varchar(255) NOT NULL,
  `description` text NOT NULL,
  `image` varchar(255) DEFAULT NULL,
  `created_at` timestamp NULL DEFAULT NULL,
  `updated_at` timestamp NULL DEFAULT NULL
) ENGINE=InnoDB DEFAULT CHARSET=utf8mb4 COLLATE=utf8mb4_unicode_ci;

--
-- Dumping data for table `announcements`
--

INSERT INTO `announcements` (`id`, `title`, `description`, `image`, `created_at`, `updated_at`) VALUES
(1, 'Test Ad', 'Test for ad', NULL, NULL, NULL),
(3, 'برنامج الامتحان', 'اصدار برنامج الامتحان الاسبوع المقبل', NULL, '2025-03-29 09:05:21', '2025-03-29 09:05:21');

-- --------------------------------------------------------

--
-- Table structure for table `building_maps`
--

CREATE TABLE `building_maps` (
  `id` bigint(20) UNSIGNED NOT NULL,
  `name` varchar(255) NOT NULL,
  `dwg_file_path` varchar(255) NOT NULL,
  `json_file_path` varchar(255) NOT NULL,
  `created_at` timestamp NULL DEFAULT NULL,
  `updated_at` timestamp NULL DEFAULT NULL
) ENGINE=InnoDB DEFAULT CHARSET=utf8mb4 COLLATE=utf8mb4_unicode_ci;

-- --------------------------------------------------------

--
-- Table structure for table `cache`
--

CREATE TABLE `cache` (
  `key` varchar(255) NOT NULL,
  `value` mediumtext NOT NULL,
  `expiration` int(11) NOT NULL
) ENGINE=InnoDB DEFAULT CHARSET=utf8mb4 COLLATE=utf8mb4_unicode_ci;

-- --------------------------------------------------------

--
-- Table structure for table `cache_locks`
--

CREATE TABLE `cache_locks` (
  `key` varchar(255) NOT NULL,
  `owner` varchar(255) NOT NULL,
  `expiration` int(11) NOT NULL
) ENGINE=InnoDB DEFAULT CHARSET=utf8mb4 COLLATE=utf8mb4_unicode_ci;

-- --------------------------------------------------------

--
-- Table structure for table `chats`
--

CREATE TABLE `chats` (
  `id` bigint(20) UNSIGNED NOT NULL,
  `user_one` bigint(20) UNSIGNED NOT NULL,
  `user_two` bigint(20) UNSIGNED NOT NULL,
  `created_at` timestamp NULL DEFAULT NULL,
  `updated_at` timestamp NULL DEFAULT NULL
) ENGINE=InnoDB DEFAULT CHARSET=utf8mb4 COLLATE=utf8mb4_unicode_ci;

--
-- Dumping data for table `chats`
--

INSERT INTO `chats` (`id`, `user_one`, `user_two`, `created_at`, `updated_at`) VALUES
(1, 51, 1, '2025-03-27 20:30:10', '2025-03-27 20:30:10');

-- --------------------------------------------------------

--
-- Table structure for table `courses`
--

CREATE TABLE `courses` (
  `id` bigint(20) UNSIGNED NOT NULL,
  `name` varchar(255) NOT NULL,
  `code` varchar(255) NOT NULL,
  `hall_id` bigint(20) UNSIGNED DEFAULT NULL,
  `day` enum('Monday','Tuesday','Wednesday','Thursday','Friday','Saturday','Sunday') NOT NULL,
  `time` time NOT NULL,
  `time_end` time DEFAULT NULL,
  `max_students` int(11) NOT NULL DEFAULT 30,
  `type` enum('practical','theoretical') NOT NULL,
  `created_at` timestamp NULL DEFAULT NULL,
  `updated_at` timestamp NULL DEFAULT NULL
) ENGINE=InnoDB DEFAULT CHARSET=utf8mb4 COLLATE=utf8mb4_unicode_ci;

--
-- Dumping data for table `courses`
--

INSERT INTO `courses` (`id`, `name`, `code`, `hall_id`, `day`, `time`, `time_end`, `max_students`, `type`, `created_at`, `updated_at`) VALUES
(1, 'Basic Programming', 'CS101', 148, 'Monday', '08:00:00', '10:00:00', 30, 'practical', NULL, NULL),
(2, 'Data Structures', 'CS102', 10, 'Thursday', '10:00:00', '12:00:00', 30, 'theoretical', NULL, NULL),
(3, 'Algorithms', 'CS103', 160, 'Wednesday', '12:00:00', '15:00:00', 30, 'theoretical', NULL, NULL),
(5, 'Networking', 'CS105', 178, 'Friday', '16:00:00', NULL, 30, 'theoretical', NULL, NULL),
(6, 'Software Engineering', 'CS106', 125, 'Saturday', '09:00:00', NULL, 30, 'practical', NULL, NULL),
(7, 'Operating Systems', 'CS107', 54, 'Sunday', '11:00:00', NULL, 30, 'theoretical', NULL, NULL),
(9, 'Machine Learning', 'CS202', 98, 'Tuesday', '10:00:00', NULL, 40, 'practical', NULL, NULL),
(15, 'Discrete Mathematics', 'CS208', 65, 'Monday', '13:00:00', NULL, 35, 'theoretical', NULL, NULL);

-- --------------------------------------------------------

--
-- Table structure for table `course_doctor`
--

CREATE TABLE `course_doctor` (
  `id` bigint(20) UNSIGNED NOT NULL,
  `course_id` bigint(20) UNSIGNED NOT NULL,
  `doctor_id` bigint(20) UNSIGNED NOT NULL,
  `created_at` timestamp NULL DEFAULT NULL,
  `updated_at` timestamp NULL DEFAULT NULL
) ENGINE=InnoDB DEFAULT CHARSET=utf8mb4 COLLATE=utf8mb4_unicode_ci;

--
-- Dumping data for table `course_doctor`
--

INSERT INTO `course_doctor` (`id`, `course_id`, `doctor_id`, `created_at`, `updated_at`) VALUES
(58, 2, 1, '2025-03-26 20:46:02', '2025-03-26 20:46:02'),
(61, 5, 1, '2025-03-26 20:46:02', '2025-03-26 20:46:02'),
(62, 6, 6, '2025-03-26 20:46:02', '2025-03-26 20:46:02'),
(65, 9, 1, '2025-03-26 20:46:02', '2025-03-26 20:46:02'),
(71, 15, 1, '2025-03-26 20:46:02', '2025-03-26 20:46:02'),
(74, 1, 6, NULL, NULL),
(75, 3, 6, NULL, NULL),
(76, 3, 4, NULL, NULL),
(77, 6, 4, NULL, NULL),
(78, 7, 4, NULL, NULL);

-- --------------------------------------------------------

--
-- Table structure for table `course_student`
--

CREATE TABLE `course_student` (
  `id` bigint(20) UNSIGNED NOT NULL,
  `course_id` bigint(20) UNSIGNED NOT NULL,
  `student_id` bigint(20) UNSIGNED NOT NULL,
  `created_at` timestamp NULL DEFAULT NULL,
  `updated_at` timestamp NULL DEFAULT NULL
) ENGINE=InnoDB DEFAULT CHARSET=utf8mb4 COLLATE=utf8mb4_unicode_ci;

--
-- Dumping data for table `course_student`
--

INSERT INTO `course_student` (`id`, `course_id`, `student_id`, `created_at`, `updated_at`) VALUES
(9, 1, 1, NULL, NULL),
(10, 2, 1, NULL, NULL),
(11, 15, 1, NULL, NULL),
(14, 5, 1, NULL, NULL),
(15, 6, 1, NULL, NULL),
(16, 1, 3, NULL, NULL),
(17, 2, 3, NULL, NULL),
(18, 3, 3, NULL, NULL);

-- --------------------------------------------------------

--
-- Table structure for table `doctors`
--

CREATE TABLE `doctors` (
  `id` bigint(20) UNSIGNED NOT NULL,
  `user_id` bigint(20) UNSIGNED NOT NULL,
  `specialization` varchar(255) NOT NULL,
  `created_at` timestamp NULL DEFAULT NULL,
  `updated_at` timestamp NULL DEFAULT NULL
) ENGINE=InnoDB DEFAULT CHARSET=utf8mb4 COLLATE=utf8mb4_unicode_ci;

--
-- Dumping data for table `doctors`
--

INSERT INTO `doctors` (`id`, `user_id`, `specialization`, `created_at`, `updated_at`) VALUES
(1, 1, 'IT', '2025-03-26 20:36:05', '2025-03-26 20:36:05'),
(4, 4, 'IT', '2025-03-26 20:36:06', '2025-03-26 20:36:06'),
(6, 6, 'IT', '2025-03-26 20:36:06', '2025-03-26 20:36:06'),
(7, 7, 'IT', '2025-03-26 20:36:07', '2025-03-26 20:36:07'),
(8, 8, 'IT', '2025-03-26 20:36:07', '2025-03-26 20:36:07');

-- --------------------------------------------------------

--
-- Table structure for table `employees`
--

CREATE TABLE `employees` (
  `id` bigint(20) UNSIGNED NOT NULL,
  `user_id` bigint(20) UNSIGNED NOT NULL,
  `department` varchar(255) NOT NULL,
  `created_at` timestamp NULL DEFAULT NULL,
  `updated_at` timestamp NULL DEFAULT NULL
) ENGINE=InnoDB DEFAULT CHARSET=utf8mb4 COLLATE=utf8mb4_unicode_ci;

--
-- Dumping data for table `employees`
--

INSERT INTO `employees` (`id`, `user_id`, `department`, `created_at`, `updated_at`) VALUES
(1, 52, 'IT Help Desk', '2025-03-27 15:09:04', '2025-03-27 15:09:04');

-- --------------------------------------------------------

--
-- Table structure for table `events`
--

CREATE TABLE `events` (
  `id` bigint(20) UNSIGNED NOT NULL,
  `title` varchar(255) NOT NULL,
  `description` text NOT NULL,
  `image` varchar(255) DEFAULT NULL,
  `created_at` timestamp NULL DEFAULT NULL,
  `updated_at` timestamp NULL DEFAULT NULL
) ENGINE=InnoDB DEFAULT CHARSET=utf8mb4 COLLATE=utf8mb4_unicode_ci;

--
-- Dumping data for table `events`
--

INSERT INTO `events` (`id`, `title`, `description`, `image`, `created_at`, `updated_at`) VALUES
(1, 'Test Event', 'Test for event', NULL, NULL, NULL),
(3, 'New Event', 'Descriptions', NULL, '2025-03-29 09:02:44', '2025-03-29 09:02:44'),
(4, 'TEst', 'alsdasd', NULL, '2025-03-29 12:38:39', '2025-03-29 12:38:39');

-- --------------------------------------------------------

--
-- Table structure for table `exams`
--

CREATE TABLE `exams` (
  `id` bigint(20) UNSIGNED NOT NULL,
  `course_id` bigint(20) UNSIGNED NOT NULL,
  `exam_date` date NOT NULL,
  `exam_time` time NOT NULL,
  `created_at` timestamp NULL DEFAULT NULL,
  `updated_at` timestamp NULL DEFAULT NULL
) ENGINE=InnoDB DEFAULT CHARSET=utf8mb4 COLLATE=utf8mb4_unicode_ci;

--
-- Dumping data for table `exams`
--

INSERT INTO `exams` (`id`, `course_id`, `exam_date`, `exam_time`, `created_at`, `updated_at`) VALUES
(1, 1, '2025-03-29', '11:44:07', NULL, NULL),
(2, 2, '2025-03-31', '12:44:45', NULL, NULL),
(3, 15, '2025-03-31', '08:44:45', NULL, NULL),
(5, 5, '2025-03-29', '15:16:00', '2025-03-29 09:17:06', '2025-03-29 09:17:06'),
(6, 9, '2025-03-31', '21:39:00', '2025-03-29 12:39:40', '2025-03-29 12:39:40');

-- --------------------------------------------------------

--
-- Table structure for table `halls`
--

CREATE TABLE `halls` (
  `id` bigint(20) UNSIGNED NOT NULL,
  `name` varchar(255) NOT NULL,
  `created_at` timestamp NULL DEFAULT NULL,
  `updated_at` timestamp NULL DEFAULT NULL
) ENGINE=InnoDB DEFAULT CHARSET=utf8mb4 COLLATE=utf8mb4_unicode_ci;

--
-- Dumping data for table `halls`
--

INSERT INTO `halls` (`id`, `name`, `created_at`, `updated_at`) VALUES
(1, 'Room 1001', '2025-03-26 20:21:00', '2025-03-28 23:21:24'),
(2, 'Room 1002', '2025-03-26 20:21:00', '2025-03-26 20:21:00'),
(3, 'Room 1003', '2025-03-26 20:21:00', '2025-03-26 20:21:00'),
(4, 'Room 1004', '2025-03-26 20:21:00', '2025-03-26 20:21:00'),
(5, 'Room 1005', '2025-03-26 20:21:00', '2025-03-26 20:21:00'),
(6, 'Room 1006', '2025-03-26 20:21:00', '2025-03-26 20:21:00'),
(7, 'Room 1007', '2025-03-26 20:21:00', '2025-03-26 20:21:00'),
(8, 'Room 1008', '2025-03-26 20:21:00', '2025-03-26 20:21:00'),
(9, 'Room 1009', '2025-03-26 20:21:00', '2025-03-26 20:21:00'),
(10, 'Room 1010', '2025-03-26 20:21:00', '2025-03-26 20:21:00'),
(11, 'Room 1011', '2025-03-26 20:21:00', '2025-03-26 20:21:00'),
(12, 'Room 1012', '2025-03-26 20:21:00', '2025-03-26 20:21:00'),
(13, 'Room 1013', '2025-03-26 20:21:00', '2025-03-26 20:21:00'),
(14, 'Room 1014', '2025-03-26 20:21:00', '2025-03-26 20:21:00'),
(15, 'Room 1015', '2025-03-26 20:21:00', '2025-03-26 20:21:00'),
(16, 'Room 1101', '2025-03-26 20:21:00', '2025-03-26 20:21:00'),
(17, 'Room 1102', '2025-03-26 20:21:00', '2025-03-26 20:21:00'),
(18, 'Room 1103', '2025-03-26 20:21:00', '2025-03-26 20:21:00'),
(19, 'Room 1104', '2025-03-26 20:21:00', '2025-03-26 20:21:00'),
(20, 'Room 1105', '2025-03-26 20:21:00', '2025-03-26 20:21:00'),
(21, 'Room 1106', '2025-03-26 20:21:00', '2025-03-26 20:21:00'),
(22, 'Room 1107', '2025-03-26 20:21:00', '2025-03-26 20:21:00'),
(23, 'Room 1108', '2025-03-26 20:21:00', '2025-03-26 20:21:00'),
(24, 'Room 1109', '2025-03-26 20:21:00', '2025-03-26 20:21:00'),
(25, 'Room 1110', '2025-03-26 20:21:00', '2025-03-26 20:21:00'),
(26, 'Room 1111', '2025-03-26 20:21:00', '2025-03-26 20:21:00'),
(27, 'Room 1112', '2025-03-26 20:21:00', '2025-03-26 20:21:00'),
(28, 'Room 1113', '2025-03-26 20:21:00', '2025-03-26 20:21:00'),
(29, 'Room 1114', '2025-03-26 20:21:00', '2025-03-26 20:21:00'),
(30, 'Room 1115', '2025-03-26 20:21:00', '2025-03-26 20:21:00'),
(31, 'Room 1116', '2025-03-26 20:21:00', '2025-03-26 20:21:00'),
(32, 'Room 2001', '2025-03-26 20:21:00', '2025-03-26 20:21:00'),
(33, 'Room 2002', '2025-03-26 20:21:00', '2025-03-26 20:21:00'),
(34, 'Room 2003', '2025-03-26 20:21:00', '2025-03-26 20:21:00'),
(35, 'Room 2004', '2025-03-26 20:21:00', '2025-03-26 20:21:00'),
(36, 'Room 2005', '2025-03-26 20:21:00', '2025-03-26 20:21:00'),
(37, 'Room 2006', '2025-03-26 20:21:00', '2025-03-26 20:21:00'),
(38, 'Room 2007', '2025-03-26 20:21:00', '2025-03-26 20:21:00'),
(39, 'Room 2008', '2025-03-26 20:21:00', '2025-03-26 20:21:00'),
(40, 'Room 2009', '2025-03-26 20:21:00', '2025-03-26 20:21:00'),
(41, 'Room 2010', '2025-03-26 20:21:00', '2025-03-26 20:21:00'),
(42, 'Room 2011', '2025-03-26 20:21:00', '2025-03-26 20:21:00'),
(43, 'Room 2012', '2025-03-26 20:21:00', '2025-03-26 20:21:00'),
(44, 'Room 2013', '2025-03-26 20:21:00', '2025-03-26 20:21:00'),
(45, 'Room 2014', '2025-03-26 20:21:00', '2025-03-26 20:21:00'),
(46, 'Room 2015', '2025-03-26 20:21:00', '2025-03-26 20:21:00'),
(47, 'Room 2101', '2025-03-26 20:21:00', '2025-03-26 20:21:00'),
(48, 'Room 2102', '2025-03-26 20:21:00', '2025-03-26 20:21:00'),
(49, 'Room 2103', '2025-03-26 20:21:00', '2025-03-26 20:21:00'),
(50, 'Room 2104', '2025-03-26 20:21:00', '2025-03-26 20:21:00'),
(51, 'Room 2105', '2025-03-26 20:21:00', '2025-03-26 20:21:00'),
(52, 'Room 2106', '2025-03-26 20:21:00', '2025-03-26 20:21:00'),
(53, 'Room 2107', '2025-03-26 20:21:00', '2025-03-26 20:21:00'),
(54, 'Room 2108', '2025-03-26 20:21:00', '2025-03-26 20:21:00'),
(55, 'Room 2109', '2025-03-26 20:21:00', '2025-03-26 20:21:00'),
(56, 'Room 2110', '2025-03-26 20:21:00', '2025-03-26 20:21:00'),
(57, 'Room 2111', '2025-03-26 20:21:00', '2025-03-26 20:21:00'),
(58, 'Room 2112', '2025-03-26 20:21:00', '2025-03-26 20:21:00'),
(59, 'Room 2113', '2025-03-26 20:21:00', '2025-03-26 20:21:00'),
(60, 'Room 2114', '2025-03-26 20:21:00', '2025-03-26 20:21:00'),
(61, 'Room 2115', '2025-03-26 20:21:00', '2025-03-26 20:21:00'),
(62, 'Room 3001', '2025-03-26 20:21:00', '2025-03-26 20:21:00'),
(63, 'Room 3002', '2025-03-26 20:21:00', '2025-03-26 20:21:00'),
(64, 'Room 3003', '2025-03-26 20:21:00', '2025-03-26 20:21:00'),
(65, 'Room 3004', '2025-03-26 20:21:00', '2025-03-26 20:21:00'),
(66, 'Room 3005', '2025-03-26 20:21:00', '2025-03-26 20:21:00'),
(67, 'Room 3006', '2025-03-26 20:21:00', '2025-03-26 20:21:00'),
(68, 'Room 3007', '2025-03-26 20:21:01', '2025-03-26 20:21:01'),
(69, 'Room 3008', '2025-03-26 20:21:01', '2025-03-26 20:21:01'),
(70, 'Room 3009', '2025-03-26 20:21:01', '2025-03-26 20:21:01'),
(71, 'Room 3010', '2025-03-26 20:21:01', '2025-03-26 20:21:01'),
(72, 'Room 3011', '2025-03-26 20:21:01', '2025-03-26 20:21:01'),
(73, 'Room 3012', '2025-03-26 20:21:01', '2025-03-26 20:21:01'),
(74, 'Room 3013', '2025-03-26 20:21:01', '2025-03-26 20:21:01'),
(75, 'Room 3014', '2025-03-26 20:21:01', '2025-03-26 20:21:01'),
(76, 'Room 3015', '2025-03-26 20:21:01', '2025-03-26 20:21:01'),
(77, 'Room 3016', '2025-03-26 20:21:01', '2025-03-26 20:21:01'),
(78, 'Room 3017', '2025-03-26 20:21:01', '2025-03-26 20:21:01'),
(79, 'Room 3018', '2025-03-26 20:21:01', '2025-03-26 20:21:01'),
(80, 'Room 3019', '2025-03-26 20:21:01', '2025-03-26 20:21:01'),
(81, 'Room 3020', '2025-03-26 20:21:01', '2025-03-26 20:21:01'),
(82, 'Room 3021', '2025-03-26 20:21:01', '2025-03-26 20:21:01'),
(83, 'Room 3022', '2025-03-26 20:21:01', '2025-03-26 20:21:01'),
(84, 'Room 3023', '2025-03-26 20:21:01', '2025-03-26 20:21:01'),
(85, 'Room 3024', '2025-03-26 20:21:01', '2025-03-26 20:21:01'),
(86, 'Room 3025', '2025-03-26 20:21:01', '2025-03-26 20:21:01'),
(87, 'Room 3026', '2025-03-26 20:21:01', '2025-03-26 20:21:01'),
(88, 'Room 3027', '2025-03-26 20:21:01', '2025-03-26 20:21:01'),
(89, 'Room 3028', '2025-03-26 20:21:01', '2025-03-26 20:21:01'),
(90, 'Room 3029', '2025-03-26 20:21:01', '2025-03-26 20:21:01'),
(91, 'Room 3030', '2025-03-26 20:21:01', '2025-03-26 20:21:01'),
(92, 'Room 3101', '2025-03-26 20:21:01', '2025-03-26 20:21:01'),
(93, 'Room 3102', '2025-03-26 20:21:01', '2025-03-26 20:21:01'),
(94, 'Room 3103-1', '2025-03-26 20:21:01', '2025-03-26 20:21:01'),
(95, 'Room 3103-2', '2025-03-26 20:21:01', '2025-03-26 20:21:01'),
(96, 'Room 3104', '2025-03-26 20:21:01', '2025-03-26 20:21:01'),
(97, 'Room 3105-1', '2025-03-26 20:21:01', '2025-03-26 20:21:01'),
(98, 'Room 3105-2', '2025-03-26 20:21:01', '2025-03-26 20:21:01'),
(99, 'Room 3106', '2025-03-26 20:21:01', '2025-03-26 20:21:01'),
(100, 'Room 3107', '2025-03-26 20:21:01', '2025-03-26 20:21:01'),
(101, 'Room 3108', '2025-03-26 20:21:01', '2025-03-26 20:21:01'),
(102, 'Room 3109', '2025-03-26 20:21:01', '2025-03-26 20:21:01'),
(103, 'Room 3110', '2025-03-26 20:21:01', '2025-03-26 20:21:01'),
(104, 'Room 3111', '2025-03-26 20:21:01', '2025-03-26 20:21:01'),
(105, 'Room 3112', '2025-03-26 20:21:01', '2025-03-26 20:21:01'),
(106, 'Room 3113', '2025-03-26 20:21:01', '2025-03-26 20:21:01'),
(107, 'Room 3114', '2025-03-26 20:21:01', '2025-03-26 20:21:01'),
(108, 'Room 3115', '2025-03-26 20:21:01', '2025-03-26 20:21:01'),
(109, 'Room 3116', '2025-03-26 20:21:01', '2025-03-26 20:21:01'),
(110, 'Room 3117', '2025-03-26 20:21:01', '2025-03-26 20:21:01'),
(111, 'Room 3118', '2025-03-26 20:21:01', '2025-03-26 20:21:01'),
(112, 'Room 3119', '2025-03-26 20:21:01', '2025-03-26 20:21:01'),
(113, 'Room 3120', '2025-03-26 20:21:01', '2025-03-26 20:21:01'),
(114, 'Room 3121', '2025-03-26 20:21:01', '2025-03-26 20:21:01'),
(115, 'Room 3122', '2025-03-26 20:21:01', '2025-03-26 20:21:01'),
(116, 'Room 3123', '2025-03-26 20:21:01', '2025-03-26 20:21:01'),
(117, 'Room 3124', '2025-03-26 20:21:01', '2025-03-26 20:21:01'),
(118, 'Room 3125', '2025-03-26 20:21:01', '2025-03-26 20:21:01'),
(119, 'Room 4001', '2025-03-26 20:21:01', '2025-03-26 20:21:01'),
(120, 'Room 4002', '2025-03-26 20:21:01', '2025-03-26 20:21:01'),
(121, 'Room 4003', '2025-03-26 20:21:01', '2025-03-26 20:21:01'),
(122, 'Room 4004', '2025-03-26 20:21:01', '2025-03-26 20:21:01'),
(123, 'Room 4005', '2025-03-26 20:21:01', '2025-03-26 20:21:01'),
(124, 'Room 4006', '2025-03-26 20:21:01', '2025-03-26 20:21:01'),
(125, 'Room 4007', '2025-03-26 20:21:01', '2025-03-26 20:21:01'),
(126, 'Room 4008', '2025-03-26 20:21:01', '2025-03-26 20:21:01'),
(127, 'Room 4009', '2025-03-26 20:21:01', '2025-03-26 20:21:01'),
(128, 'Room 4010', '2025-03-26 20:21:01', '2025-03-26 20:21:01'),
(129, 'Room 4011', '2025-03-26 20:21:01', '2025-03-26 20:21:01'),
(130, 'Room 4012', '2025-03-26 20:21:01', '2025-03-26 20:21:01'),
(131, 'Room 4013', '2025-03-26 20:21:01', '2025-03-26 20:21:01'),
(132, 'Room 4101', '2025-03-26 20:21:01', '2025-03-26 20:21:01'),
(133, 'Room 4102', '2025-03-26 20:21:01', '2025-03-26 20:21:01'),
(134, 'Room 4103', '2025-03-26 20:21:01', '2025-03-26 20:21:01'),
(135, 'Room 4104', '2025-03-26 20:21:01', '2025-03-26 20:21:01'),
(136, 'Room 4105', '2025-03-26 20:21:01', '2025-03-26 20:21:01'),
(137, 'Room 4106', '2025-03-26 20:21:01', '2025-03-26 20:21:01'),
(138, 'Room 4107', '2025-03-26 20:21:01', '2025-03-26 20:21:01'),
(139, 'Room 4108', '2025-03-26 20:21:01', '2025-03-26 20:21:01'),
(140, 'Room 4109', '2025-03-26 20:21:01', '2025-03-26 20:21:01'),
(141, 'Room 4110', '2025-03-26 20:21:01', '2025-03-26 20:21:01'),
(142, 'Room 4111', '2025-03-26 20:21:01', '2025-03-26 20:21:01'),
(143, 'Room 4112', '2025-03-26 20:21:01', '2025-03-26 20:21:01'),
(144, 'Room 4113', '2025-03-26 20:21:01', '2025-03-26 20:21:01'),
(145, 'Room 4114', '2025-03-26 20:21:01', '2025-03-26 20:21:01'),
(146, 'Room 5001', '2025-03-26 20:21:01', '2025-03-26 20:21:01'),
(147, 'Room 5002', '2025-03-26 20:21:01', '2025-03-26 20:21:01'),
(148, 'Room 5003', '2025-03-26 20:21:01', '2025-03-26 20:21:01'),
(149, 'Room 5004', '2025-03-26 20:21:01', '2025-03-26 20:21:01'),
(150, 'Room 5005', '2025-03-26 20:21:01', '2025-03-26 20:21:01'),
(151, 'Room 5006', '2025-03-26 20:21:01', '2025-03-26 20:21:01'),
(152, 'Room 5007', '2025-03-26 20:21:01', '2025-03-26 20:21:01'),
(153, 'Room 5008', '2025-03-26 20:21:01', '2025-03-26 20:21:01'),
(154, 'Room 5009', '2025-03-26 20:21:01', '2025-03-26 20:21:01'),
(155, 'Room 5010', '2025-03-26 20:21:01', '2025-03-26 20:21:01'),
(156, 'Room 5011', '2025-03-26 20:21:01', '2025-03-26 20:21:01'),
(157, 'Room 5012', '2025-03-26 20:21:01', '2025-03-26 20:21:01'),
(158, 'Room 5013', '2025-03-26 20:21:01', '2025-03-26 20:21:01'),
(159, 'Room 5014', '2025-03-26 20:21:01', '2025-03-26 20:21:01'),
(160, 'Room 5015', '2025-03-26 20:21:01', '2025-03-26 20:21:01'),
(161, 'Room 5016', '2025-03-26 20:21:01', '2025-03-26 20:21:01'),
(162, 'Room 5017', '2025-03-26 20:21:01', '2025-03-26 20:21:01'),
(163, 'Room 5018', '2025-03-26 20:21:01', '2025-03-26 20:21:01'),
(164, 'Room 5019', '2025-03-26 20:21:01', '2025-03-26 20:21:01'),
(165, 'Room 5020', '2025-03-26 20:21:01', '2025-03-26 20:21:01'),
(166, 'Room 5021', '2025-03-26 20:21:01', '2025-03-26 20:21:01'),
(167, 'Room 5101', '2025-03-26 20:21:01', '2025-03-26 20:21:01'),
(168, 'Room 5102', '2025-03-26 20:21:01', '2025-03-26 20:21:01'),
(169, 'Room 5103', '2025-03-26 20:21:01', '2025-03-26 20:21:01'),
(170, 'Room 5104', '2025-03-26 20:21:01', '2025-03-26 20:21:01'),
(171, 'Room 5105', '2025-03-26 20:21:01', '2025-03-26 20:21:01'),
(172, 'Room 5106', '2025-03-26 20:21:01', '2025-03-26 20:21:01'),
(173, 'Room 5107', '2025-03-26 20:21:01', '2025-03-26 20:21:01'),
(174, 'Room 6001', '2025-03-26 20:21:01', '2025-03-26 20:21:01'),
(175, 'Room 6002', '2025-03-26 20:21:01', '2025-03-26 20:21:01'),
(176, 'Room 6101', '2025-03-26 20:21:01', '2025-03-26 20:21:01'),
(177, 'Room 6102', '2025-03-26 20:21:01', '2025-03-26 20:21:01'),
(178, 'Room 6103', '2025-03-26 20:21:01', '2025-03-26 20:21:01'),
(179, 'Room 8001', '2025-03-26 20:21:01', '2025-03-26 20:21:01'),
(180, 'Room 8002', '2025-03-26 20:21:01', '2025-03-26 20:21:01'),
(181, 'Room 8003', '2025-03-26 20:21:01', '2025-03-26 20:21:01'),
(182, 'Room 8004', '2025-03-26 20:21:01', '2025-03-26 20:21:01'),
(183, 'Room 8101', '2025-03-26 20:21:02', '2025-03-26 20:21:02'),
(184, 'Room 8102', '2025-03-26 20:21:02', '2025-03-26 20:21:02'),
(185, 'Room 8103', '2025-03-26 20:21:02', '2025-03-26 20:21:02'),
(186, 'Room 8104', '2025-03-26 20:21:02', '2025-03-26 20:21:02'),
(187, 'Room 8105', '2025-03-26 20:21:02', '2025-03-26 20:21:02'),
(188, 'Room 9001', '2025-03-26 20:21:02', '2025-03-26 20:21:02'),
(189, 'Room 9002', '2025-03-26 20:21:02', '2025-03-26 20:21:02'),
(190, 'Room 9003', '2025-03-26 20:21:02', '2025-03-26 20:21:02'),
(191, 'Room 9004', '2025-03-26 20:21:02', '2025-03-26 20:21:02'),
(192, 'Room 9005', '2025-03-26 20:21:02', '2025-03-26 20:21:02'),
(193, 'Room 9006', '2025-03-26 20:21:02', '2025-03-26 20:21:02'),
(194, 'Room 9007', '2025-03-26 20:21:02', '2025-03-26 20:21:02'),
(195, 'Room 9008', '2025-03-26 20:21:02', '2025-03-26 20:21:02'),
(196, 'Room 9009', '2025-03-26 20:21:02', '2025-03-26 20:21:02'),
(197, 'Room 9101', '2025-03-26 20:21:02', '2025-03-26 20:21:02'),
(198, 'Room 9102', '2025-03-26 20:21:02', '2025-03-26 20:21:02'),
(199, 'Room 10001', '2025-03-26 20:21:02', '2025-03-26 20:21:02'),
(200, 'Room 10002', '2025-03-26 20:21:02', '2025-03-26 20:21:02'),
(201, 'Room 10003', '2025-03-26 20:21:02', '2025-03-26 20:21:02'),
(202, 'Room 10004', '2025-03-26 20:21:02', '2025-03-26 20:21:02'),
(203, 'Room 10005', '2025-03-26 20:21:02', '2025-03-26 20:21:02'),
(204, 'Room 10006', '2025-03-26 20:21:02', '2025-03-26 20:21:02'),
(205, 'Room 10007', '2025-03-26 20:21:02', '2025-03-26 20:21:02'),
(206, 'Room 10008', '2025-03-26 20:21:02', '2025-03-26 20:21:02'),
(207, 'Room 10009', '2025-03-26 20:21:02', '2025-03-26 20:21:02'),
(208, 'Room 10010', '2025-03-26 20:21:02', '2025-03-26 20:21:02'),
(209, 'Room 10011', '2025-03-26 20:21:02', '2025-03-26 20:21:02'),
(210, 'Room 10012', '2025-03-26 20:21:02', '2025-03-26 20:21:02'),
(211, 'Room 10103', '2025-03-26 20:21:02', '2025-03-26 20:21:02'),
(212, 'Room 10104', '2025-03-26 20:21:02', '2025-03-26 20:21:02'),
(213, 'Room 10105', '2025-03-26 20:21:02', '2025-03-26 20:21:02'),
(214, 'Room 10106', '2025-03-26 20:21:02', '2025-03-26 20:21:02'),
(215, 'Room 10107', '2025-03-26 20:21:02', '2025-03-26 20:21:02'),
(216, 'Room 10108', '2025-03-26 20:21:02', '2025-03-26 20:21:02'),
(217, 'Room 10109', '2025-03-26 20:21:02', '2025-03-26 20:21:02'),
(218, 'Room 10110', '2025-03-26 20:21:02', '2025-03-26 20:21:02'),
(219, 'Room 10111', '2025-03-26 20:21:02', '2025-03-26 20:21:02'),
(220, 'Room 10112', '2025-03-26 20:21:02', '2025-03-26 20:21:02'),
(221, 'Room 10113', '2025-03-26 20:21:02', '2025-03-26 20:21:02'),
(222, 'Room 10114', '2025-03-26 20:21:02', '2025-03-26 20:21:02'),
(223, 'Room 10115', '2025-03-26 20:21:02', '2025-03-26 20:21:02'),
(224, 'Room 10116', '2025-03-26 20:21:02', '2025-03-26 20:21:02'),
(225, 'Room 10117', '2025-03-26 20:21:02', '2025-03-26 20:21:02'),
(226, 'Room 10118', '2025-03-26 20:21:02', '2025-03-26 20:21:02');

-- --------------------------------------------------------

--
-- Table structure for table `jobs`
--

CREATE TABLE `jobs` (
  `id` bigint(20) UNSIGNED NOT NULL,
  `queue` varchar(255) NOT NULL,
  `payload` longtext NOT NULL,
  `attempts` tinyint(3) UNSIGNED NOT NULL,
  `reserved_at` int(10) UNSIGNED DEFAULT NULL,
  `available_at` int(10) UNSIGNED NOT NULL,
  `created_at` int(10) UNSIGNED NOT NULL
) ENGINE=InnoDB DEFAULT CHARSET=utf8mb4 COLLATE=utf8mb4_unicode_ci;

-- --------------------------------------------------------

--
-- Table structure for table `messages`
--

CREATE TABLE `messages` (
  `id` bigint(20) UNSIGNED NOT NULL,
  `chat_id` bigint(20) UNSIGNED NOT NULL,
  `sender_id` bigint(20) UNSIGNED NOT NULL,
  `message` text NOT NULL,
  `is_read` tinyint(1) NOT NULL DEFAULT 0,
  `created_at` timestamp NULL DEFAULT NULL,
  `updated_at` timestamp NULL DEFAULT NULL
) ENGINE=InnoDB DEFAULT CHARSET=utf8mb4 COLLATE=utf8mb4_unicode_ci;

--
-- Dumping data for table `messages`
--

INSERT INTO `messages` (`id`, `chat_id`, `sender_id`, `message`, `is_read`, `created_at`, `updated_at`) VALUES
(1, 1, 51, 'Hi', 0, '2025-03-27 20:30:37', '2025-03-27 20:30:37'),
(2, 1, 51, 'Hi', 0, '2025-03-27 20:31:49', '2025-03-27 20:31:49'),
(3, 1, 51, 'Hi', 0, '2025-03-27 20:33:35', '2025-03-27 20:33:35'),
(4, 1, 1, 'welcome', 0, '2025-03-27 21:03:17', '2025-03-27 21:03:17'),
(5, 1, 51, 'how are you', 0, '2025-03-27 21:10:12', '2025-03-27 21:10:12'),
(6, 1, 1, 'fine', 0, '2025-03-27 21:15:28', '2025-03-27 21:15:28'),
(7, 1, 51, 'and you', 0, '2025-03-27 21:15:50', '2025-03-27 21:15:50'),
(8, 1, 1, 'good?', 0, '2025-03-27 21:16:37', '2025-03-27 21:16:37'),
(9, 1, 51, 'hi', 0, '2025-03-27 21:18:15', '2025-03-27 21:18:15'),
(10, 1, 1, 'klasd', 0, '2025-03-27 21:22:26', '2025-03-27 21:22:26'),
(11, 1, 1, 'klasas', 0, '2025-03-27 21:26:43', '2025-03-27 21:26:43'),
(12, 1, 51, 'kkkasd', 0, '2025-03-27 21:26:53', '2025-03-27 21:26:53'),
(13, 1, 1, 'kasd', 0, '2025-03-27 21:30:09', '2025-03-27 21:30:09'),
(14, 1, 51, 'klasd', 0, '2025-03-27 21:30:14', '2025-03-27 21:30:14'),
(15, 1, 1, 'kmmm', 0, '2025-03-27 21:30:21', '2025-03-27 21:30:21'),
(16, 1, 51, 'klka', 0, '2025-03-27 21:33:03', '2025-03-27 21:33:03'),
(17, 1, 1, 'klsda', 0, '2025-03-27 21:33:08', '2025-03-27 21:33:08'),
(18, 1, 51, 'hello', 0, '2025-03-27 21:33:16', '2025-03-27 21:33:16'),
(19, 1, 1, 'hello', 0, '2025-03-27 21:33:52', '2025-03-27 21:33:52'),
(21, 1, 1, 'hi', 0, '2025-03-27 21:41:48', '2025-03-27 21:41:48'),
(22, 1, 51, 'jkhka', 0, '2025-03-28 10:39:13', '2025-03-28 10:39:13');

-- --------------------------------------------------------

--
-- Table structure for table `migrations`
--

CREATE TABLE `migrations` (
  `id` int(10) UNSIGNED NOT NULL,
  `migration` varchar(255) NOT NULL,
  `batch` int(11) NOT NULL
) ENGINE=InnoDB DEFAULT CHARSET=utf8mb4 COLLATE=utf8mb4_unicode_ci;

--
-- Dumping data for table `migrations`
--

INSERT INTO `migrations` (`id`, `migration`, `batch`) VALUES
(30, '0001_01_01_000000_create_users_table', 1),
(31, '2025_03_23_233339_create_students_table', 1),
(32, '2025_03_23_233403_create_doctors_table', 1),
(33, '2025_03_23_233415_create_employees_table', 1),
(34, '2025_03_23_233426_create_halls_table', 1),
(35, '2025_03_23_233436_create_courses_table', 1),
(36, '2025_03_23_233450_create_course_student_table', 1),
(37, '2025_03_23_233507_create_course_doctor_table', 1),
(38, '2025_03_23_233516_create_exams_table', 1),
(39, '2025_03_23_233525_create_problems_table', 1),
(40, '2025_03_23_233534_create_announcements_table', 1),
(41, '2025_03_23_233543_create_events_table', 1),
(42, '2025_03_23_233552_create_notifications_table', 1),
(43, '2025_03_23_233617_create_building_maps_table', 1),
(44, '2025_03_26_224739_create_personal_access_tokens_table', 1),
(45, '2025_03_27_225753_create_chats_table', 2),
(46, '2025_03_27_225813_create_messages_table', 2),
(47, '2025_03_27_233326_create_jobs_table', 3),
(48, '2025_03_28_002202_create_cache_table', 4);

-- --------------------------------------------------------

--
-- Table structure for table `notifications`
--

CREATE TABLE `notifications` (
  `id` bigint(20) UNSIGNED NOT NULL,
  `user_id` bigint(20) UNSIGNED NOT NULL,
  `message` text NOT NULL,
  `date` timestamp NOT NULL DEFAULT current_timestamp(),
  `created_at` timestamp NULL DEFAULT NULL,
  `updated_at` timestamp NULL DEFAULT NULL
) ENGINE=InnoDB DEFAULT CHARSET=utf8mb4 COLLATE=utf8mb4_unicode_ci;

--
-- Dumping data for table `notifications`
--

INSERT INTO `notifications` (`id`, `user_id`, `message`, `date`, `created_at`, `updated_at`) VALUES
(2, 52, 'You have a new problem to fix it', '2025-03-28 12:21:32', '2025-03-28 09:21:32', '2025-03-28 09:21:32'),
(3, 52, 'You have a new problem to fix it', '2025-03-28 13:35:40', '2025-03-28 10:35:40', '2025-03-28 10:35:40'),
(4, 1, '📢 New event: New Event', '2025-03-29 12:02:44', '2025-03-29 09:02:44', '2025-03-29 09:02:44'),
(5, 4, '📢 New event: New Event', '2025-03-29 12:02:59', '2025-03-29 09:02:59', '2025-03-29 09:02:59'),
(6, 6, '📢 New event: New Event', '2025-03-29 12:02:59', '2025-03-29 09:02:59', '2025-03-29 09:02:59'),
(7, 7, '📢 New event: New Event', '2025-03-29 12:02:59', '2025-03-29 09:02:59', '2025-03-29 09:02:59'),
(8, 8, '📢 New event: New Event', '2025-03-29 12:02:59', '2025-03-29 09:02:59', '2025-03-29 09:02:59'),
(51, 51, '📢 New event: New Event', '2025-03-29 12:02:59', '2025-03-29 09:02:59', '2025-03-29 09:02:59'),
(52, 52, '📢 New event: New Event', '2025-03-29 12:03:01', '2025-03-29 09:03:01', '2025-03-29 09:03:01'),
(53, 56, '📢 New event: New Event', '2025-03-29 12:03:02', '2025-03-29 09:03:02', '2025-03-29 09:03:02'),
(54, 1, '📢 New announcement: برنامج الامتحان', '2025-03-29 12:05:21', '2025-03-29 09:05:21', '2025-03-29 09:05:21'),
(55, 4, '📢 New announcement: برنامج الامتحان', '2025-03-29 12:05:27', '2025-03-29 09:05:27', '2025-03-29 09:05:27'),
(56, 6, '📢 New announcement: برنامج الامتحان', '2025-03-29 12:05:28', '2025-03-29 09:05:28', '2025-03-29 09:05:28'),
(57, 7, '📢 New announcement: برنامج الامتحان', '2025-03-29 12:05:28', '2025-03-29 09:05:28', '2025-03-29 09:05:28'),
(58, 8, '📢 New announcement: برنامج الامتحان', '2025-03-29 12:05:28', '2025-03-29 09:05:28', '2025-03-29 09:05:28'),
(101, 51, '📢 New announcement: برنامج الامتحان', '2025-03-29 12:05:28', '2025-03-29 09:05:28', '2025-03-29 09:05:28'),
(102, 52, '📢 New announcement: برنامج الامتحان', '2025-03-29 12:05:33', '2025-03-29 09:05:33', '2025-03-29 09:05:33'),
(103, 1, '📢 New announcement: برنامج الامتحان', '2025-03-29 12:05:47', '2025-03-29 09:05:47', '2025-03-29 09:05:47'),
(104, 51, '📄 New exam scheduled for course: Networking', '2025-03-29 12:17:06', '2025-03-29 09:17:06', '2025-03-29 09:17:06'),
(105, 1, '📄 New exam scheduled for course: Networking', '2025-03-29 12:17:08', '2025-03-29 09:17:08', '2025-03-29 09:17:08'),
(106, 1, '📢 New event: TEst', '2025-03-29 15:38:39', '2025-03-29 12:38:39', '2025-03-29 12:38:39'),
(107, 4, '📢 New event: TEst', '2025-03-29 15:38:50', '2025-03-29 12:38:50', '2025-03-29 12:38:50'),
(108, 6, '📢 New event: TEst', '2025-03-29 15:38:50', '2025-03-29 12:38:50', '2025-03-29 12:38:50'),
(109, 7, '📢 New event: TEst', '2025-03-29 15:38:50', '2025-03-29 12:38:50', '2025-03-29 12:38:50'),
(110, 8, '📢 New event: TEst', '2025-03-29 15:38:50', '2025-03-29 12:38:50', '2025-03-29 12:38:50'),
(111, 51, '📢 New event: TEst', '2025-03-29 15:38:50', '2025-03-29 12:38:50', '2025-03-29 12:38:50'),
(112, 52, '📢 New event: TEst', '2025-03-29 15:38:54', '2025-03-29 12:38:54', '2025-03-29 12:38:54'),
(113, 56, '📢 New event: TEst', '2025-03-29 15:38:57', '2025-03-29 12:38:57', '2025-03-29 12:38:57'),
(114, 1, '📄 New exam scheduled for course: Machine Learning', '2025-03-29 15:39:40', '2025-03-29 12:39:40', '2025-03-29 12:39:40');

-- --------------------------------------------------------

--
-- Table structure for table `personal_access_tokens`
--

CREATE TABLE `personal_access_tokens` (
  `id` bigint(20) UNSIGNED NOT NULL,
  `tokenable_type` varchar(255) NOT NULL,
  `tokenable_id` bigint(20) UNSIGNED NOT NULL,
  `name` varchar(255) NOT NULL,
  `token` varchar(64) NOT NULL,
  `abilities` text DEFAULT NULL,
  `last_used_at` timestamp NULL DEFAULT NULL,
  `expires_at` timestamp NULL DEFAULT NULL,
  `created_at` timestamp NULL DEFAULT NULL,
  `updated_at` timestamp NULL DEFAULT NULL
) ENGINE=InnoDB DEFAULT CHARSET=utf8mb4 COLLATE=utf8mb4_unicode_ci;

--
-- Dumping data for table `personal_access_tokens`
--

INSERT INTO `personal_access_tokens` (`id`, `tokenable_type`, `tokenable_id`, `name`, `token`, `abilities`, `last_used_at`, `expires_at`, `created_at`, `updated_at`) VALUES
(1, 'App\\Models\\User', 51, 'auth_token', '9d91bbf925dd389df7f07199b9ee313da61133a8602c30f2bb30995b5602d8e7', '[\"*\"]', NULL, NULL, '2025-03-26 20:59:26', '2025-03-26 20:59:26'),
(2, 'App\\Models\\User', 51, 'auth_token', '3606ccbd6c6a355ccd434ce14c884306c27231d08f19889b677fc5f0537ecbb9', '[\"*\"]', NULL, NULL, '2025-03-26 20:59:41', '2025-03-26 20:59:41'),
(3, 'App\\Models\\User', 51, 'auth_token', '9d0061fe9b7ad3f4b327d07303fe113ca4e27c0b8221b02b870ab9231d85c3b2', '[\"*\"]', '2025-03-27 14:01:31', NULL, '2025-03-26 21:07:11', '2025-03-27 14:01:31'),
(4, 'App\\Models\\User', 1, 'auth_token', '75837ba241c5da247a25ce9fc90d89166ec58be2ab1882584f28f1d6b68cb858', '[\"*\"]', '2025-03-27 20:45:19', NULL, '2025-03-27 14:02:04', '2025-03-27 20:45:19'),
(5, 'App\\Models\\User', 2, 'auth_token', '67093c46f1e8f1cdf9290e7c21dee00f1171b42fb3f679ab4b7a24e009db8d7b', '[\"*\"]', '2025-03-27 14:46:18', NULL, '2025-03-27 14:45:57', '2025-03-27 14:46:18'),
(6, 'App\\Models\\User', 1, 'auth_token', 'c2dc92f52850f789fbb07bab6a15bab699e0f07c0e127d491bcce1240d741cd8', '[\"*\"]', '2025-03-27 15:07:31', NULL, '2025-03-27 15:07:30', '2025-03-27 15:07:31'),
(7, 'App\\Models\\User', 52, 'auth_token', 'b6b5fde2b32517888b99ada9982bf33b178d95df3128ec4dcf7f49a88a48e833', '[\"*\"]', NULL, NULL, '2025-03-27 15:09:04', '2025-03-27 15:09:04'),
(8, 'App\\Models\\User', 52, 'auth_token', '15d2ddb7cf5352a9ad27dbd43b8e9356f9c8d0723fb7ce67f955686276dc58db', '[\"*\"]', NULL, NULL, '2025-03-27 15:09:18', '2025-03-27 15:09:18'),
(9, 'App\\Models\\User', 1, 'auth_token', '40495c6f5feba0f8742aa8b9fa81fe47b2dfb7bf6d562d64072fb497957c1617', '[\"*\"]', '2025-03-27 16:57:16', NULL, '2025-03-27 15:10:18', '2025-03-27 16:57:16'),
(10, 'App\\Models\\User', 52, 'auth_token', 'fec9d4282336c206fb5f64f08210453388b19523eb06dbfe299e60c56528147d', '[\"*\"]', '2025-03-27 19:51:11', NULL, '2025-03-27 19:12:41', '2025-03-27 19:51:11'),
(11, 'App\\Models\\User', 51, 'auth_token', 'a0d613a232dc321fbef5dc72b6350036b5aaac45bbd010e5b954f3cd05a5a976', '[\"*\"]', '2025-03-27 20:34:00', NULL, '2025-03-27 20:27:33', '2025-03-27 20:34:00'),
(12, 'App\\Models\\User', 51, 'auth_token', '8acb85f755b3cf626a56388ef2b33bdca18100129fac371484c62e9de5d3c94c', '[\"*\"]', '2025-03-27 20:49:33', NULL, '2025-03-27 20:45:42', '2025-03-27 20:49:33'),
(13, 'App\\Models\\User', 1, 'auth_token', 'dfccf9bddf842e58336936f6dcedd2ba5db2ac629b39c0f6bd457085156dddce', '[\"*\"]', '2025-03-27 21:03:51', NULL, '2025-03-27 20:52:51', '2025-03-27 21:03:51'),
(14, 'App\\Models\\User', 51, 'auth_token', '63b834c1dd5fc751fe917c76cd1d4b9594d7af0b3a4119935848d367e3abdf20', '[\"*\"]', '2025-03-27 21:41:33', NULL, '2025-03-27 21:05:17', '2025-03-27 21:41:33'),
(15, 'App\\Models\\User', 1, 'auth_token', '393717f46a2c8c574ae263366fe86e4b9403f8a597646d0e5b52bb0cd137fd57', '[\"*\"]', '2025-03-28 09:18:29', NULL, '2025-03-27 21:15:18', '2025-03-28 09:18:29'),
(16, 'App\\Models\\User', 52, 'auth_token', '9ba4e4f2de8a6dffc4dcee87f59dc0b0c0df9beaa8928e311e5b27a639f83cca', '[\"*\"]', '2025-03-27 21:44:39', NULL, '2025-03-27 21:38:01', '2025-03-27 21:44:39'),
(17, 'App\\Models\\User', 52, 'auth_token', '756c5c1a143f30f1be48faee38ed9cec3d0106a9817606c075f97e26f7214491', '[\"*\"]', '2025-03-28 09:34:24', NULL, '2025-03-28 09:18:55', '2025-03-28 09:34:24'),
(18, 'App\\Models\\User', 1, 'auth_token', '56b892a91e26bd36a254abf8b384464c92f2e29514f4fb426bf59c88d11cac8a', '[\"*\"]', '2025-03-28 10:00:31', NULL, '2025-03-28 09:19:16', '2025-03-28 10:00:31'),
(19, 'App\\Models\\User', 52, 'auth_token', '0591ce4ac44a3dce3f79573ca4812a7a09388a7c9cfed0b7785da4a95723cfc1', '[\"*\"]', '2025-03-28 10:35:58', NULL, '2025-03-28 10:26:57', '2025-03-28 10:35:58'),
(20, 'App\\Models\\User', 1, 'auth_token', 'b32ba556fb7e9653234d2f28a3804b1496b1725f63c805194d781d975e966bb1', '[\"*\"]', '2025-03-28 10:38:22', NULL, '2025-03-28 10:35:21', '2025-03-28 10:38:22'),
(21, 'App\\Models\\User', 51, 'auth_token', '42c88a61a221cf13c252b9c966674a0c4877f9276392de93aabd0de22f63b9a6', '[\"*\"]', '2025-03-29 09:00:29', NULL, '2025-03-28 10:39:03', '2025-03-29 09:00:29'),
(22, 'App\\Models\\User', 2, 'auth_token', '435b9f9c75cca6036256faaae07a5ec30b6d3f233b179ffe1cb977528b89a95f', '[\"*\"]', NULL, NULL, '2025-03-28 18:01:15', '2025-03-28 18:01:15'),
(23, 'App\\Models\\User', 2, 'auth_token', 'c6f24b309ea82c6be1ee91ccafe0381f5658c41d3d6e0f482bb5e873768acb09', '[\"*\"]', '2025-03-28 18:40:51', NULL, '2025-03-28 18:01:51', '2025-03-28 18:40:51'),
(24, 'App\\Models\\User', 2, 'auth_token', '7d137a92a9c9a45e3cd34fc89795d5c32897a182ad0262a462762b37c0d2a1cf', '[\"*\"]', '2025-03-28 19:21:49', NULL, '2025-03-28 18:42:02', '2025-03-28 19:21:49'),
(25, 'App\\Models\\User', 2, 'auth_token', '627854dc30e18aec82d93a94eec5768606cc8b2c5e65a4fc2e6903c8bf160a82', '[\"*\"]', '2025-03-28 23:04:14', NULL, '2025-03-28 20:25:51', '2025-03-28 23:04:14'),
(26, 'App\\Models\\User', 2, 'auth_token', 'b0e6aded3490b96750081c7d0747c427c1e2090ea915fa71d6b1d77161fb8b0b', '[\"*\"]', '2025-03-28 23:54:17', NULL, '2025-03-28 23:20:13', '2025-03-28 23:54:17'),
(27, 'App\\Models\\User', 2, 'auth_token', '3474b0e9f3ffffdcb3e18665382fa14fb4912339cc834199d961f365249fa03f', '[\"*\"]', '2025-03-29 10:12:43', NULL, '2025-03-29 07:54:14', '2025-03-29 10:12:43'),
(28, 'App\\Models\\User', 51, 'auth_token', '366cb9f15e9405188a7998edf933680e788093e3014ec3796ceb5e64cf2c83d1', '[\"*\"]', '2025-03-29 09:18:28', NULL, '2025-03-29 09:01:59', '2025-03-29 09:18:28'),
(29, 'App\\Models\\User', 2, 'auth_token', '028c600b388010ea48dd139140e278ef77a5abfdba57f1b0e1758c874ba5d770', '[\"*\"]', '2025-03-29 11:14:58', NULL, '2025-03-29 10:23:46', '2025-03-29 11:14:58'),
(30, 'App\\Models\\User', 2, 'auth_token', 'f434391cf88d2b3c842b6a883f51ed373194004aa2069def75ee52004035ea3c', '[\"*\"]', NULL, NULL, '2025-03-29 12:32:59', '2025-03-29 12:32:59'),
(31, 'App\\Models\\User', 2, 'auth_token', 'cb5fdb6d046369d883ae16b93fd0b56fa37881deaadec27e13517ba49a52db76', '[\"*\"]', '2025-03-29 12:35:47', NULL, '2025-03-29 12:35:30', '2025-03-29 12:35:47'),
(32, 'App\\Models\\User', 2, 'auth_token', 'ff669e3ede75bc9860d53b67411b8eee3f67b7d5a114cabfbfd008407c18dcb1', '[\"*\"]', '2025-03-29 12:39:45', NULL, '2025-03-29 12:36:45', '2025-03-29 12:39:45'),
(33, 'App\\Models\\User', 51, 'auth_token', '6f85b6e33bbeebce1864eba8f8e0a438060b3c7016a6b6a599461f38714a11d8', '[\"*\"]', '2025-03-29 18:25:42', NULL, '2025-03-29 12:56:32', '2025-03-29 18:25:42'),
(34, 'App\\Models\\User', 51, 'auth_token', '343ae6c6cbf105cfcbf8138934600c769172506ba45a7071ecbebeb5d80bcab0', '[\"*\"]', '2025-03-29 18:45:28', NULL, '2025-03-29 18:44:37', '2025-03-29 18:45:28'),
(35, 'App\\Models\\User', 52, 'auth_token', '810f0f8ea141a8499302c7823e9a6dbcfed681317eebdb51d67026b8a6430707', '[\"*\"]', '2025-03-29 18:48:05', NULL, '2025-03-29 18:47:46', '2025-03-29 18:48:05');

-- --------------------------------------------------------

--
-- Table structure for table `problems`
--

CREATE TABLE `problems` (
  `id` bigint(20) UNSIGNED NOT NULL,
  `doctor_id` bigint(20) UNSIGNED NOT NULL,
  `employee_id` bigint(20) UNSIGNED NOT NULL,
  `description` text NOT NULL,
  `status` tinyint(1) NOT NULL DEFAULT 0,
  `created_at` timestamp NULL DEFAULT NULL,
  `updated_at` timestamp NULL DEFAULT NULL
) ENGINE=InnoDB DEFAULT CHARSET=utf8mb4 COLLATE=utf8mb4_unicode_ci;

--
-- Dumping data for table `problems`
--

INSERT INTO `problems` (`id`, `doctor_id`, `employee_id`, `description`, `status`, `created_at`, `updated_at`) VALUES
(4, 1, 1, 'Yldsa', 1, '2025-03-27 16:56:48', '2025-03-27 19:41:12'),
(5, 1, 1, 'jalskd', 1, '2025-03-27 21:43:08', '2025-03-27 21:44:15'),
(6, 1, 1, 'jjasd', 0, '2025-03-28 09:19:47', '2025-03-28 09:19:47'),
(7, 1, 1, 'jjasd', 0, '2025-03-28 09:21:32', '2025-03-28 09:21:32'),
(8, 1, 1, 'kjhkahsd', 0, '2025-03-28 10:35:40', '2025-03-28 10:35:40');

-- --------------------------------------------------------

--
-- Table structure for table `students`
--

CREATE TABLE `students` (
  `id` bigint(20) UNSIGNED NOT NULL,
  `user_id` bigint(20) UNSIGNED NOT NULL,
  `university_number` varchar(255) NOT NULL,
  `registered_year` int(11) NOT NULL,
  `specialization` varchar(255) NOT NULL,
  `created_at` timestamp NULL DEFAULT NULL,
  `updated_at` timestamp NULL DEFAULT NULL
) ENGINE=InnoDB DEFAULT CHARSET=utf8mb4 COLLATE=utf8mb4_unicode_ci;

--
-- Dumping data for table `students`
--

INSERT INTO `students` (`id`, `user_id`, `university_number`, `registered_year`, `specialization`, `created_at`, `updated_at`) VALUES
(1, 51, '18041420', 2018, 'IT', '2025-03-26 20:59:26', '2025-03-26 20:59:26'),
(3, 56, '897987894', 2215, 'IT', '2025-03-29 08:25:00', '2025-03-29 08:25:00');

-- --------------------------------------------------------

--
-- Table structure for table `users`
--

CREATE TABLE `users` (
  `id` bigint(20) UNSIGNED NOT NULL,
  `name` varchar(255) NOT NULL,
  `email` varchar(255) NOT NULL,
  `password` varchar(255) NOT NULL,
  `phone` varchar(255) DEFAULT NULL,
  `device_token` varchar(255) DEFAULT NULL,
  `role` enum('student','doctor','employee','admin') NOT NULL,
  `x_location` double DEFAULT NULL,
  `y_location` double DEFAULT NULL,
  `z_location` double DEFAULT NULL,
  `profile_picture` varchar(255) DEFAULT NULL,
  `created_at` timestamp NULL DEFAULT NULL,
  `updated_at` timestamp NULL DEFAULT NULL
) ENGINE=InnoDB DEFAULT CHARSET=utf8mb4 COLLATE=utf8mb4_unicode_ci;

--
-- Dumping data for table `users`
--

INSERT INTO `users` (`id`, `name`, `email`, `password`, `phone`, `device_token`, `role`, `x_location`, `y_location`, `z_location`, `profile_picture`, `created_at`, `updated_at`) VALUES
(1, 'Prof. Gerald Bradtke MD', 'rath.tianna@gmail.net', '$2y$12$8yUJSq8LP.tm6QCIPyIjB.0O98ZNxloQ/SPq//hca1t0PeWPbEkxu', '+1 (352) 665-5366', 'fNHFfgNKSqW5_qqgLvGGDI:APA91bHsxng_PJh0CF9yW1t7DBTqOXxw2oZXG7EixFmxCVkr882__BZ_ESn_mIveVyke3_C716ZwMD-ANlzQ9SsDpPGAYQ20Nz0ZxsVFuMheHefA7Mwv2u0', 'doctor', NULL, NULL, NULL, 'profile_images/mUeITpkzV7Lxjq1qT288ZsOJl2csp8HvqkMlX3hn.jpg', '2025-03-26 20:36:05', '2025-03-28 10:35:21'),
(2, 'Admin', 'admin@gmail.com', '$2y$12$U7OcQPwDztmDyj3jenPnTe7uOuBeCfDD9emTdmB98jJUNIItzAv2S', '640-534-4112', NULL, 'admin', NULL, NULL, NULL, 'https://via.placeholder.com/640x480.png/006644?text=people+nisi', '2025-03-26 20:36:05', '2025-03-26 20:36:05'),
(4, 'Prof. Thad Cassin', 'junior.mohr@example.com', '$2y$12$Md4xKdSKNVMYeO20X0sxd.MQtvI/HwpeAFrcYY6CcCXVyKO849mp2', '(980) 617-3637', NULL, 'doctor', NULL, NULL, NULL, 'https://via.placeholder.com/640x480.png/002266?text=people+nihil', '2025-03-26 20:36:06', '2025-03-26 20:36:06'),
(6, 'Mr. Sylvan Eichmann MD', 'mcormier@example.net', '$2y$12$yvINw/EhoWfXzrRZKJNmveeFGTr2JKod/HMi1Id70K5ujvAC4eqgG', '347-973-4713', NULL, 'doctor', NULL, NULL, NULL, 'https://via.placeholder.com/640x480.png/009922?text=people+quaerat', '2025-03-26 20:36:06', '2025-03-26 20:36:06'),
(7, 'Mathias Ledner', 'mschaden@example.com', '$2y$12$4CXA3QhdAGE8d36rTbrkaO44z7J03V5TaVEq9qT68InFvppVSQVWa', '(407) 889-2139', NULL, 'doctor', NULL, NULL, NULL, 'https://via.placeholder.com/640x480.png/006622?text=people+ipsum', '2025-03-26 20:36:07', '2025-03-26 20:36:07'),
(8, 'Treva Bartell', 'laury.strosin@example.net', '$2y$12$uAdcMh5lRiZrtF.mpfjEUejnjgpC54We1sNO8dhhAZfCmljs/TdUK', '757-923-9153', NULL, 'doctor', NULL, NULL, NULL, 'https://via.placeholder.com/640x480.png/0066aa?text=people+voluptatem', '2025-03-26 20:36:07', '2025-03-26 20:36:07'),
(51, 'Student155', 'raghad.j.narech@gmail.com', '$2y$12$48ywbu/QlGOsYxgMJXRNBOxi9SzKmhbq.Vh/OE5RBzN30OzNq3wQq', '09911035855', 'eYiJdzfBRQWBvf0TEQx2YY:APA91bEcZqio8o_llghARUHnqa2-WMcEenxp6fCZQhmYy99qx5gXcQ8cFgdsBfhDq_WZ-hKqeWaxERV-ZSS6ifeolTozBFsv3XpxT9kKtqHoEfAdPsMKHn0', 'student', 654, 5564, 8798, 'profile_images/WJen1Q9mHXAyFMMK84plNOSIcD0LjEG5FRGZNsXQ.jpg', '2025-03-26 20:59:26', '2025-03-29 18:45:28'),
(52, 'Employee10', 'employee@gmail.com', '$2y$12$EfLy8GITb.FaPKeZhjDRYuJfY0XGAZ7F5YeWezrW2mMwDHMhQXnIy', '065844844654', 'eYiJdzfBRQWBvf0TEQx2YY:APA91bEcZqio8o_llghARUHnqa2-WMcEenxp6fCZQhmYy99qx5gXcQ8cFgdsBfhDq_WZ-hKqeWaxERV-ZSS6ifeolTozBFsv3XpxT9kKtqHoEfAdPsMKHn0', 'employee', NULL, NULL, NULL, 'profile_images/nL0HF84zq79jgQuSZfxgx11i0mRznpCr1kmEGRYt.jpg', '2025-03-27 15:09:04', '2025-03-29 18:47:46'),
(56, 'Student', 'student5555555@gmail.com', '$2y$12$cSrAdX2.ob54zW2s0JrHue40dB0RB8fdzHhYXveS6g/2NqvVdlA6i', '0956565', NULL, 'student', NULL, NULL, NULL, NULL, '2025-03-29 08:25:00', '2025-03-29 12:37:15');

--
-- Indexes for dumped tables
--

--
-- Indexes for table `announcements`
--
ALTER TABLE `announcements`
  ADD PRIMARY KEY (`id`);

--
-- Indexes for table `building_maps`
--
ALTER TABLE `building_maps`
  ADD PRIMARY KEY (`id`);

--
-- Indexes for table `cache`
--
ALTER TABLE `cache`
  ADD PRIMARY KEY (`key`);

--
-- Indexes for table `cache_locks`
--
ALTER TABLE `cache_locks`
  ADD PRIMARY KEY (`key`);

--
-- Indexes for table `chats`
--
ALTER TABLE `chats`
  ADD PRIMARY KEY (`id`),
  ADD KEY `chats_user_one_foreign` (`user_one`),
  ADD KEY `chats_user_two_foreign` (`user_two`);

--
-- Indexes for table `courses`
--
ALTER TABLE `courses`
  ADD PRIMARY KEY (`id`),
  ADD UNIQUE KEY `courses_code_unique` (`code`),
  ADD KEY `courses_hall_id_foreign` (`hall_id`);

--
-- Indexes for table `course_doctor`
--
ALTER TABLE `course_doctor`
  ADD PRIMARY KEY (`id`),
  ADD KEY `course_doctor_course_id_foreign` (`course_id`),
  ADD KEY `course_doctor_doctor_id_foreign` (`doctor_id`);

--
-- Indexes for table `course_student`
--
ALTER TABLE `course_student`
  ADD PRIMARY KEY (`id`),
  ADD KEY `course_student_course_id_foreign` (`course_id`),
  ADD KEY `course_student_student_id_foreign` (`student_id`);

--
-- Indexes for table `doctors`
--
ALTER TABLE `doctors`
  ADD PRIMARY KEY (`id`),
  ADD KEY `doctors_user_id_foreign` (`user_id`);

--
-- Indexes for table `employees`
--
ALTER TABLE `employees`
  ADD PRIMARY KEY (`id`),
  ADD KEY `employees_user_id_foreign` (`user_id`);

--
-- Indexes for table `events`
--
ALTER TABLE `events`
  ADD PRIMARY KEY (`id`);

--
-- Indexes for table `exams`
--
ALTER TABLE `exams`
  ADD PRIMARY KEY (`id`),
  ADD KEY `exams_course_id_foreign` (`course_id`);

--
-- Indexes for table `halls`
--
ALTER TABLE `halls`
  ADD PRIMARY KEY (`id`),
  ADD UNIQUE KEY `halls_name_unique` (`name`);

--
-- Indexes for table `jobs`
--
ALTER TABLE `jobs`
  ADD PRIMARY KEY (`id`),
  ADD KEY `jobs_queue_index` (`queue`);

--
-- Indexes for table `messages`
--
ALTER TABLE `messages`
  ADD PRIMARY KEY (`id`),
  ADD KEY `messages_chat_id_foreign` (`chat_id`),
  ADD KEY `messages_sender_id_foreign` (`sender_id`);

--
-- Indexes for table `migrations`
--
ALTER TABLE `migrations`
  ADD PRIMARY KEY (`id`);

--
-- Indexes for table `notifications`
--
ALTER TABLE `notifications`
  ADD PRIMARY KEY (`id`),
  ADD KEY `notifications_user_id_foreign` (`user_id`);

--
-- Indexes for table `personal_access_tokens`
--
ALTER TABLE `personal_access_tokens`
  ADD PRIMARY KEY (`id`),
  ADD UNIQUE KEY `personal_access_tokens_token_unique` (`token`),
  ADD KEY `personal_access_tokens_tokenable_type_tokenable_id_index` (`tokenable_type`,`tokenable_id`);

--
-- Indexes for table `problems`
--
ALTER TABLE `problems`
  ADD PRIMARY KEY (`id`),
  ADD KEY `problems_doctor_id_foreign` (`doctor_id`),
  ADD KEY `problems_employee_id_foreign` (`employee_id`);

--
-- Indexes for table `students`
--
ALTER TABLE `students`
  ADD PRIMARY KEY (`id`),
  ADD UNIQUE KEY `students_university_number_unique` (`university_number`),
  ADD KEY `students_user_id_foreign` (`user_id`);

--
-- Indexes for table `users`
--
ALTER TABLE `users`
  ADD PRIMARY KEY (`id`),
  ADD UNIQUE KEY `users_email_unique` (`email`);

--
-- AUTO_INCREMENT for dumped tables
--

--
-- AUTO_INCREMENT for table `announcements`
--
ALTER TABLE `announcements`
  MODIFY `id` bigint(20) UNSIGNED NOT NULL AUTO_INCREMENT, AUTO_INCREMENT=5;

--
-- AUTO_INCREMENT for table `building_maps`
--
ALTER TABLE `building_maps`
  MODIFY `id` bigint(20) UNSIGNED NOT NULL AUTO_INCREMENT;

--
-- AUTO_INCREMENT for table `chats`
--
ALTER TABLE `chats`
  MODIFY `id` bigint(20) UNSIGNED NOT NULL AUTO_INCREMENT, AUTO_INCREMENT=3;

--
-- AUTO_INCREMENT for table `courses`
--
ALTER TABLE `courses`
  MODIFY `id` bigint(20) UNSIGNED NOT NULL AUTO_INCREMENT, AUTO_INCREMENT=19;

--
-- AUTO_INCREMENT for table `course_doctor`
--
ALTER TABLE `course_doctor`
  MODIFY `id` bigint(20) UNSIGNED NOT NULL AUTO_INCREMENT, AUTO_INCREMENT=81;

--
-- AUTO_INCREMENT for table `course_student`
--
ALTER TABLE `course_student`
  MODIFY `id` bigint(20) UNSIGNED NOT NULL AUTO_INCREMENT, AUTO_INCREMENT=19;

--
-- AUTO_INCREMENT for table `doctors`
--
ALTER TABLE `doctors`
  MODIFY `id` bigint(20) UNSIGNED NOT NULL AUTO_INCREMENT, AUTO_INCREMENT=52;

--
-- AUTO_INCREMENT for table `employees`
--
ALTER TABLE `employees`
  MODIFY `id` bigint(20) UNSIGNED NOT NULL AUTO_INCREMENT, AUTO_INCREMENT=4;

--
-- AUTO_INCREMENT for table `events`
--
ALTER TABLE `events`
  MODIFY `id` bigint(20) UNSIGNED NOT NULL AUTO_INCREMENT, AUTO_INCREMENT=5;

--
-- AUTO_INCREMENT for table `exams`
--
ALTER TABLE `exams`
  MODIFY `id` bigint(20) UNSIGNED NOT NULL AUTO_INCREMENT, AUTO_INCREMENT=7;

--
-- AUTO_INCREMENT for table `halls`
--
ALTER TABLE `halls`
  MODIFY `id` bigint(20) UNSIGNED NOT NULL AUTO_INCREMENT, AUTO_INCREMENT=228;

--
-- AUTO_INCREMENT for table `jobs`
--
ALTER TABLE `jobs`
  MODIFY `id` bigint(20) UNSIGNED NOT NULL AUTO_INCREMENT, AUTO_INCREMENT=14;

--
-- AUTO_INCREMENT for table `messages`
--
ALTER TABLE `messages`
  MODIFY `id` bigint(20) UNSIGNED NOT NULL AUTO_INCREMENT, AUTO_INCREMENT=23;

--
-- AUTO_INCREMENT for table `migrations`
--
ALTER TABLE `migrations`
  MODIFY `id` int(10) UNSIGNED NOT NULL AUTO_INCREMENT, AUTO_INCREMENT=49;

--
-- AUTO_INCREMENT for table `notifications`
--
ALTER TABLE `notifications`
  MODIFY `id` bigint(20) UNSIGNED NOT NULL AUTO_INCREMENT, AUTO_INCREMENT=115;

--
-- AUTO_INCREMENT for table `personal_access_tokens`
--
ALTER TABLE `personal_access_tokens`
  MODIFY `id` bigint(20) UNSIGNED NOT NULL AUTO_INCREMENT, AUTO_INCREMENT=36;

--
-- AUTO_INCREMENT for table `problems`
--
ALTER TABLE `problems`
  MODIFY `id` bigint(20) UNSIGNED NOT NULL AUTO_INCREMENT, AUTO_INCREMENT=9;

--
-- AUTO_INCREMENT for table `students`
--
ALTER TABLE `students`
  MODIFY `id` bigint(20) UNSIGNED NOT NULL AUTO_INCREMENT, AUTO_INCREMENT=4;

--
-- AUTO_INCREMENT for table `users`
--
ALTER TABLE `users`
  MODIFY `id` bigint(20) UNSIGNED NOT NULL AUTO_INCREMENT, AUTO_INCREMENT=57;

--
-- Constraints for dumped tables
--

--
-- Constraints for table `chats`
--
ALTER TABLE `chats`
  ADD CONSTRAINT `chats_user_one_foreign` FOREIGN KEY (`user_one`) REFERENCES `users` (`id`) ON DELETE CASCADE,
  ADD CONSTRAINT `chats_user_two_foreign` FOREIGN KEY (`user_two`) REFERENCES `users` (`id`) ON DELETE CASCADE;

--
-- Constraints for table `courses`
--
ALTER TABLE `courses`
  ADD CONSTRAINT `courses_hall_id_foreign` FOREIGN KEY (`hall_id`) REFERENCES `halls` (`id`) ON DELETE SET NULL;

--
-- Constraints for table `course_doctor`
--
ALTER TABLE `course_doctor`
  ADD CONSTRAINT `course_doctor_course_id_foreign` FOREIGN KEY (`course_id`) REFERENCES `courses` (`id`) ON DELETE CASCADE,
  ADD CONSTRAINT `course_doctor_doctor_id_foreign` FOREIGN KEY (`doctor_id`) REFERENCES `doctors` (`id`) ON DELETE CASCADE;

--
-- Constraints for table `course_student`
--
ALTER TABLE `course_student`
  ADD CONSTRAINT `course_student_course_id_foreign` FOREIGN KEY (`course_id`) REFERENCES `courses` (`id`) ON DELETE CASCADE,
  ADD CONSTRAINT `course_student_student_id_foreign` FOREIGN KEY (`student_id`) REFERENCES `students` (`id`) ON DELETE CASCADE;

--
-- Constraints for table `doctors`
--
ALTER TABLE `doctors`
  ADD CONSTRAINT `doctors_user_id_foreign` FOREIGN KEY (`user_id`) REFERENCES `users` (`id`) ON DELETE CASCADE;

--
-- Constraints for table `employees`
--
ALTER TABLE `employees`
  ADD CONSTRAINT `employees_user_id_foreign` FOREIGN KEY (`user_id`) REFERENCES `users` (`id`) ON DELETE CASCADE;

--
-- Constraints for table `exams`
--
ALTER TABLE `exams`
  ADD CONSTRAINT `exams_course_id_foreign` FOREIGN KEY (`course_id`) REFERENCES `courses` (`id`) ON DELETE CASCADE;

--
-- Constraints for table `messages`
--
ALTER TABLE `messages`
  ADD CONSTRAINT `messages_chat_id_foreign` FOREIGN KEY (`chat_id`) REFERENCES `chats` (`id`) ON DELETE CASCADE,
  ADD CONSTRAINT `messages_sender_id_foreign` FOREIGN KEY (`sender_id`) REFERENCES `users` (`id`) ON DELETE CASCADE;

--
-- Constraints for table `notifications`
--
ALTER TABLE `notifications`
  ADD CONSTRAINT `notifications_user_id_foreign` FOREIGN KEY (`user_id`) REFERENCES `users` (`id`) ON DELETE CASCADE;

--
-- Constraints for table `problems`
--
ALTER TABLE `problems`
  ADD CONSTRAINT `problems_doctor_id_foreign` FOREIGN KEY (`doctor_id`) REFERENCES `doctors` (`id`) ON DELETE CASCADE,
  ADD CONSTRAINT `problems_employee_id_foreign` FOREIGN KEY (`employee_id`) REFERENCES `employees` (`id`) ON DELETE CASCADE;

--
-- Constraints for table `students`
--
ALTER TABLE `students`
  ADD CONSTRAINT `students_user_id_foreign` FOREIGN KEY (`user_id`) REFERENCES `users` (`id`) ON DELETE CASCADE;
COMMIT;

/*!40101 SET CHARACTER_SET_CLIENT=@OLD_CHARACTER_SET_CLIENT */;
/*!40101 SET CHARACTER_SET_RESULTS=@OLD_CHARACTER_SET_RESULTS */;
/*!40101 SET COLLATION_CONNECTION=@OLD_COLLATION_CONNECTION */;
